2bat.ps.ua 2-й окремий батальйон ДУК ПС
30plus 30+ Політичний Рух
admin_htzevskij Админ Хтзевский
aganjan_aleksandr.sevastopol Аганян, Александр (Севастополь)
airin_natalia.mariupol Natalya Airin (Маріуполь)
akimov_boris.perejaslavl_zalesskij.rossia Акимов, Борис (Переяславль-Залесский, Россия)
akimov_boris_fermer Акимов, Борис (фермер, кандидат философских наук)
akunin_boris Акунин, Борис
akvelon_ukraine Akvelon Ukraine (Компанія)
aleksejenko_aleksandr.kiev Алексеенко, Александр (Киев)
aleksejenko_sergej.tipichnyj.harkov Алексеенко, Сергей (Типичный Харьков)
aleksejev_jurij.imhoclub_lv Алексеев, Юрий (IMHOCLUB.LV)
alex_rud.mariupol Alex Rud (Маріуполь)
aljehin_grigorij Алехин, Григорий
aljona_ptaha Альона Птаха
almajeva_julia Алмаева, Юлия
andre_lom Andre Lom
andrienko_julia.doneck Андриенко, Юлия (Донецк, ДНР)
andrievskij_mihail Андриевский, Михаил
anisimov_vladimir.mariupol Анісімов, Володимир (Маріуполь)
antarctic_center_ukraina Національний антарктичний науковий центр
antonovskij_roman Антоновский, Роман
antropova_anastasia Антропова, Анастасия
apelsinka_listopadovna Апельсинка Листопадовна
arefjeva_olga Арефьева, Ольга
arestovich_alexei Арестович, Алексей
arikhbaev_serg.mariupol Serg Arikhbaev (Маріуполь)
aronov_igor.aktor.rezhysser.kyiv Аронов, Ігор (актор, режисер, Київ)
artem_valerievich Артем, Валериевич
asov_alexandr Асов, Александр
atojev_konstantin.kiev Атоев, Константин (Киев)
avakov_arsen Аваков, Арсен
avramova_olena.mariupol Аврамова, Олена (Маріуполь)
azarov_nikolaj Азаров, Николай
azarov_vjacheslav Азаров, Вячеслав
babak_anatolij Бабак, Анатолій
babarika_gennadij Бабарика, Геннадий
babchenko_arkadii Бабченко, Аркадий
babikov_aleksandr Бабиков, Александр
bacman_alesja Бацман, Алеся
bahareva_taisia Бахарева, Таисия
baklan_oleg_nikolaevich Баклан, Олег Николаевич
balanduh_oleksandra Баландюх, Олександра
balatska_vira.gostomel Балацька, Віра (Гостомель)
baluh_svitlana.hudozhnyk Балух, Світлана (Художник)
balva_julia.mariupol Бальва, Юлія (Маріуполь)
bandourin_vadim Бандурин, Вадим
bandrivskij_nikolaj Бандривский, Николай
barabanova_marjana Барабанова, Марьяна
baranova_iryna.mariupol Баранова, Ірина (Маріуполь)
barskij_boris.maski Барский, Борис
bartjuk_dmitrij.kiev Бартюк, Дмитрий (Киев)
basakin_aleksej.harkov.newsroom Басакин, Алексей (журналист, NewsRoom, Харьков)
bashuk_aleksandr Башук, Александр
batorshina_viktoria.kiev Баторшина, Виктория (Киев)
batrak_svetlana.kiev Батрак, Светлана (Киев)
baumejster_andrej.kiev.filosof Баумейстер, Андрей
bavyrin_dmitrii Бавырин, Дмитрий
bbc_news_ukrainian BBC News Ukrainian
behind_the_ukraine_news По той бік новин
belaja_pushistaja Белая Пушистая
belenjkij_vjacheslav Беленький, Вячеслав
belenjuk_zhan Беленюк, Жан
beloglazova_antonina Белоглазова, Антонина
belokonj_ruslan Белоконь, Руслан
belyy_alex Белый, Алекс
bengus_jurij Бенгус, Юрій
berdnik_miroslava Бердник, Мирослава
beresnev_alendr Береснев, Алендр
bereza_borislav Береза, Борислав
bereza_roman Береза, Роман
berezhnaja_elena Бережная, Елена
berezhnoj_oleksandr.mariupol Бєрєжной, Олександр (Маріуполь)
bergelson_aleksandr.kiev Бергельсон, Александр (Киев)
berkut_mvd Беркут МВД
bespalova_natalia.mariupol Беспалова, Наталія (Маріуполь)
bevz_sergii Бевз, Сергій
bib.dnr.doneck.nauchnaja_krupskoj Донецкая республиканская универсальная научная библиотека имени Н. К. Крупской
bieloglazova_antonina Белоглазова, Антонина
bielskaja_elizaveta Бельская, Елизавета
bilchenko_evgenia Бильченко, Евгения
bileckij_oleksij.herson Білецький, Олексій (Херсон)
biljaze_aleksej Билязе, Алексей
bilych_andrij.tjachiv.ukraina Білич, Андрій (Тячів, Україна)
birjukov_jurij Бирюков, Юрий
blazhieva_elena Блажиева, Елена
blazhnova_rekuha_julia Блажнова-Рекуха, Юлия
blinov_alex Блинов, Алекс
bliznjuk_olga.mariupol Близнюк, Ольга (Маріуполь)
bljuminov_aleksej Блюминов, Алексей
blog_obo_vsem_i_niachem Блог обо всем и ниАчем
bludsha_maryna.kyiv Блудша, Марина (Київ)
bobkov_ivan Бобков, Иван
bobrov_gleb Бобров, Глеб
bobrovskaja_miroslava.kiev Бобровская, Мирослава (Киев)
bochkovskaja_evgenia Бочковская, Евгения (Киев)
bodnar_vitalij Боднар, Виталий
bodrjagova_olga Бодрягова, Ольга
bogachinskaja_ekaterina.odessa Богачинская, Екатерина (Одесса)
bogatyrev_daniil Богатырев, Даниил
bogatyrev_sergej.rostov_na_donu Богатырев, Cергей (Ростов-на-Дону)
bogomazova_valentina Богомазова, Валентина
bojechko_andrej Боечко, Андрей
bojko_pavel.kiev.investor Бойко, Павел (Киев, Инвестор)
bokonja_tina Bokonja, Tina
boldyrev_sergio.psiholog.kiev Болдырев, Сержио (Психолог, Киев)
bondarenko_elena Бондаренко, Елена
bondarenko_karina Бондаренко, Карина
bondarenko_konstantin Бондаренко, Константин
bondarenko_pavel Бондаренко, Павел
bondarev_anton.harkiv Бондарєв, Антон (Харків)
bondareva_iryna.kyiv Бондарєва, Ірина (Київ)
bordovskaja_anna Бордовская, Анна
borodavko_andrej Бородавко, Андрей
borozenec_anatolij.kiev Борозенец, Анатолий (Киев)
bortnik_ruslan Бортник, Руслан
bova_tatjana Бова, Тетяна
bovtruk_vladislav Бовтрук, Владислав
bozhenko_galina.doneck Боженко, Галина (Донецк, ДНР)
brajtonskii_jurii Брайтонський, Юрій
bratus_natalia Братусь, Наталия
brest_martin Брест, Мартин
bronickaja_elena Броницкая, Елена
brown_chris Brown, Chris
bryhar_sergej Бригар, Сергей
bubnov_jurij Бубнов, Юрий
buhtijar_oleksandr.kyiv.mariupol Бухтіяр, Олександр (Київ, Маріуполь)
bulgak_pavel Булгак, Павел
bulkina_elizaveta Булкина, Елизавета
burdaniy_anatoliy Бурданий, Анатолій
burjak_valerij Буряк, Валерий
burko_roman Бурко, Роман
burmagin_oleksandr Бурмагін, Олександр
burov_sergij.mariupol Буров, Сергій (Маріуполь)
butkevich_bogdan Буткевич, Богдан
butorina_irina Буторина, Ирина
butt_oleksandr.mariupol Бутт, Олександр (Маріуполь)
butusov_jurij Бутусов, Юрий
buzhanskii_max Бужанский, Максим
byhovec_natalochka Биховець, Наталя
bylyna_petro Былына, Петр
bystrjakov_vladimir Быстряков, Владимир
chajka_igor.kovel Чайка, Ігор (Ковель)
chaplyga_mihail Чаплыга, Михаил
chaplygina_anna Чаплигіна, Анна
chappl_ejmos Чаппл, Еймос
chebodajev_vsevolod Чебодаев, Всеволод
chehil_kateryna Kateryna Chehil
chehonadskij_andrej Чехонадский, Андрей
chehovska_koscova_tetjana.kyiv Чеховська-Косцова, Тетяна (Київ)
chekalkina_viktoria.kiev Чекалкина, Виктория (Киев)
chelysheva_oksana Челышева, Оксана
chemakin_anton Чемакин, Антон
cherepanov_iona.namisnyk.iona_monastyr Черепанов, Іона (намісник Свято-Троїцького Іонинського монастиря)
cherepchenko_marina.mariupol Черепченко, Марина (Маріуполь)
chernev_egor Чернєв, Єгор
chernigovskaja_tatjana Черниговская, Татьяна
cherniivaskyi_viktor Чернявський, Віктор
chernjak_evgenij Черняк, Евгений
chinah_oksana.afiny.mariupol Чинах, Оксана (Маріуполь)
chistopolcev_oleg Чистопольцев, Олег
chitaja_tamara.ua Чітая, Тамара (Історик-дослідниця)
cholij_bogdan Чолий, Богдан
chornodid_anatolij.ua Чорнодід, Анатолій
chornogor_jaroslav Чорногор, Ярослав
chornoguz_jaryna Чорногуз, Ярина
chub_ljubov.ukraina Чуб, Любовь (Украина)
chudnovskij_roman.kiev Чудновский, Роман (Киев)
chugajenko_tatjana.kiev Чугаенко, Татьяна (Киев)
chumakova_iryna.mariupol Чумакова, Ірина (Маріуполь)
chystilin_volodymyr.harkov Чистилін, Володимир (Харків)
cincafu Головнокомандувач ЗС України / CinC AF of Ukraine
code_club_mariupol Code Club Маріуполь
danilenko_anna Даниленко, Анна
danilenko_olga Даниленко, Ольга
danilevich_nikolaj Данилевич, Николай
daniljuk_jarmolajeva_marina Данилюк-Ермолаева, Марина
daniljuk_marta Данилюк, Марта
danilova_inna.harkov Данилова, Инна (Харьков)
dashkivska_iryna Дашківська, Ірина
debourdeau_ljudmila Debourdeau, Ludmila
dedova_natalia.mariupol Дєдова, Наталія (Маріуполь)
degtjarev_alexei Дегтярев, Алексей
dejak_taras Деяк, Тарас
demidko_olga.mariupol Демідко, Ольга (Маріуполь)
demsokyra Демократична Сокира
denga_alena.kyiv Дєньга, Альона (Київ)
denisenko_ljudmila.doneck Денисенко, Людмила (Донецк)
denisova_oksana.kiev.ukraina.gid Денисова, Оксана
denysenko_larysa Денисенко, Лариса
dianova_anna Дианова, Анна
dihtjar_alja Діхтяр, Аля
dikij_evgenij.dnepropetrovsk Дикий, Евгений (Днепропетровск)
dity_v_misti.kyiv Діти в Місті. Київ
divejev_cerkovnyj_aleksej Дивеев-Церковный, Алексей
djubanov_oleksandr Дюбанов, Александр
dmitruk_anastasia Дмитрук, Анастасия
dmytrieva_iryna.vinnycia Дмитрієва, Ірина (Вінниця)
dnr_dan_news Донецкое Агентво Новостей (ДАН)
dobkin_mihail Добкин, Михаил
dobrodomov_dmitrij Добродомов, Дмитрий
dobronosov_jan.kyiv.fotograf Доброносов, Ян (Фотограф, Київ)
dobrovolska_olena Добровольська, Олена
dochinec_miroslav Дочинец, Мирослав
dolinskij_eduard Долинский, Эдуард
dolzhenkov_aleksandr.kiev Долженков, Александр (Киев)
donbass_opera Донбасс Опера - Донецкий театр оперы и балета
donchenko_elena Донченко, Елена
doneck_hud_muzej_posetiteljam Донецкий художественный музей ПОСЕТИТЕЛЯМ
doneck_teatr_kukol Донецкий театр кукол
doneckaja_alena Донецкая, Алена
doneckij_sergej.alternatio Донецкий, Сергей (alternatio.org)
donij_olesj Доний, Олесь
donosjan_nikolaj Доносян, Николай
dorohina_iryna.mariupol Дорохіна, Ірина (Маріуполь)
dovganj_sergej Довгань, Сергей
dragina_miriam Dragina, Miriam
drjomov_aleksandr.kiev Дрёмов, Александр (Киев)
drobot_olga.mariupol Дробот, Ольга (Маріуполь)
drobot_tatjana.kiev Дробот, Татьяна (Киев)
drobotenko_nikolaj.kiev Дроботенко, Николай (Киев)
drobovych_anton Дробович, Антон
dronova_iryna.harkiv Дронова, Ірина (Харків)
drotianko_anzhelika.mariupol Дротянко, Анжеліка (Маріуполь)
drovorub_sergij.mariupol Дроворуб, Сергій (Маріуполь)
drozdov_ostap Дроздов, Остап
druzenko_gennadiy Друзенко, Геннадий
dubovyj_aleksej Дубовый Алексей
dubynjanskii_myhailo Дубинянський, Михайло
dudka_bulyga_oleksandr Дудка-Булыга, Александр
dudkin_jurij Дудкин, Юрий
dykyj_evgen Дикий, Євген
dymov_oleksandr.kyiv.sanja Димов, Олександр (Київ)
dzhangirov_dmitrij.kiev Джангиров, Дмитрий (Киев)
dzholos_kristina.mariupol Джолос, Христина (Маріуполь)
dzhurdzha_denys Джурджа, Денис
edu.dnr.doneck.ntu Донецкий национальный технический университет
edu.dnr.doneck.shkola.100 Школа №100 г. Донецка
edu.dnr.donnu Донецкий национальный университет
edu.lnr.lgau Луганский государственный аграрный университет
egorova_snezhana Егорова, Снежана
egoshyna_valerija Егошина, Валерия
elcov_oleg Ельцов, Олег
elena_mariupolskaja Сугак, Олена (Маріуполь)
ellie_greenflame Ellie Greenflame
erika_viktorivna.sumy Erika Viktorivna
ermolaev_andrej Ермолаев, Андрей
eu4business_sme_ukraine EU4Business: конкурентоспроможність та інтернаціоналізація МСП
evgen_sicheslav Evhen Sicheslav
farion_iryna Фаріон, Ірина
fateev_evgenii Фатеев, Евгений
fb_group.donbass_today_ru Донбасс Сегодня - ФБ Группа
fb_group.fajna ФАЙНА!
fb_group.fan_klub_olesja_buziny Фан-клуб ОЛЕСЯ БУЗИНЫ
fb_group.harkov_istoria_fakty ХАРЬКОВ - ИСТОРИЯ - ФАКТЫ
fb_group.harkov_vchera_segodnja_zavtra Харьков. Вчера сегодня и завтра
fb_group.interesnyj_kiev Интересный Киев
fb_group.ja_zhivoj_mariupol Я ЖИВОЙ, МАРИУПОЛЬ!
fb_group.jumorilka ЮМОРИЛКА
fb_group.kiev_skvoz_gody Киев-сквозь годы.
fb_group.likari_ukrainy_razom Лікарі України разом
fb_group.literatura_isskustvo_istoria_fotografia Литература, искусство, история, фотография.
fb_group.luchshie_stihi_ljubimyh_poetov Лучшие стихи любимых поэтов
fb_group.mariupol.biblioteka.korolenka Центральна міська публічна бібліотека ім. В. Г. Короленка м. Маріуполь
fb_group.mariupol.chess Координаційний центр Маріупольської шахової федерації
fb_group.mariupol.mobilna_galereja_svit_zahoplen Мобільна Галерея "Світ Захоплень" (Маріуполь)
fb_group.mariupol.nekropol Маріупольський некрополь: прибираємо, досліджуємо, відновлюємо
fb_group.mariupol.pre_war Маріуполь довоєнний. Mariupol pre-war. Мариуполь Довоенный.
fb_group.mariupol_find Пошук рідних та близьких Маріуполь 2022
fb_group.mariupol_istorychnyj Маріуполь історичний
fb_group.mariupol_old Старий Маріуполь
fb_group.moji_sumy_vid_mynulogo_do_sjogodennja Мої Суми: від минулого до сьогодення
fb_group.nashi_vo_imja_mira_kiev НАШИ Во имя мира. Киев
fb_group.obukrainjuvannja Обукраїнювання
fb_group.ohtyrka_operatyvna Охтирка оперативна
fb_group.pablik_harkov Паблик Харьковъ
fb_group.patrioty_ukrainy Патріоти України
fb_group.pravyj_sektor.berdichev ПРАВИЙ СЕКТОР БЕРДИЧІВ
fb_group.pro_movu Про Мову - Группа ФБ
fb_group.prosveschenie_radi_svobody.gruppa_vladimira_dubrovskogo Просвещение ради свободы. Группа Владимира Дубровского
fb_group.protydia_zrosijschennju_volynj Протидія зросійщенню. Волинь.
fb_group.respublika_lnr Газета "Республика"
fb_group.rodnoj_mariupol Родной Мариуполь
fb_group.ruh_oporu_kapituljacii Рух Опору Капітуляції
fb_group.skify.mariupol_klub_alpinizm_skelelazinnja Маріупольський клуб альпінізму та скелелазіння "СКІФИ"
fb_group.stari_fotografii Старі Фотографії
fb_group.story_kiev_ua Київські Історії
fb_group.svit_kriz_objektyv СВІТ КРІЗЬ ОБ'ЄКТИВ
fb_group.tipichnoe_xtz ТипичнОЕ ХТЗ
fb_group.titarenko_vremja_mira Любовь Титаренко Время Мира
fb_group.ua.armia.24_ombr.1mp.1mb 24 Окрема Механізована Бригада 1МР 1МБ
fb_group.ukrainci_25 ФБ Группа Українці 25
fb_group.ukrainci_rozmov_ukrainskoju ФБ Группа Українці розмовляють українською
fb_group.ukrainian_scientists_worldwide Ukrainian Scientists Worldwide
fb_group.ukrainska_mova_dlja_vsih Українська Мова Для Всіх - ФБ Группа
fb_group.ukrainska_poezia_i_proza Українська поезія і проза
fb_group.ukrainskij_rok Український рок
fb_group.ukyiv Україномовний Київ
fb_group.velikaja_otechestvennaja_infvojna ВЕЛИКАЯ ОТЕЧЕСТВЕННАЯ ИНФОРМАЦИОННАЯ ВОЙНА
fb_group.vrazhennja.ua ВРАЖЕННЯ UA - Література українською, читання, книги та фільми, серіали
fb_group.vzaimovyruchka_doneck_dnr Взаимовыручка Донецк ДНР
fb_group.zkkk Київ. Засідання Клубу Корінних Киян
fb_katrusja_ukrainka Katrusya Ukrainka
fb_sergii_ivanovich Sergii Ivanovich (FB)
federacia_kibersporta_ukrainy Федерація Кіберспорту України
federacia_strongmenu_ukrainy Федерація стронгмену України
fedjko_vladimir.kiev Федько, Владимир (Киев)
fedoriv_andrij Федорів, Андрій
fedorova_alevtina.mariupol Федорова, Алевтіна (Маріуполь)
fedorovska_svitlana.mariupol Федоровська, Світлана (Маріуполь)
fedosenko_pavel.harkov.newsroom Федосенко, Павел (Харьков)
fidanjan_elena Фиданян, Елена
filatov_boris Филатов, Борис
filatova_elena Филатова, Елена
filichkin_sergei Филичкин, Сергей
filin_andrej.kiev Філін, Андрій (Київ)
filindash_evgenij Филиндаш, Евгений
filinjuk_oleg_vladimirovich Филинюк, Олег Владимирович
foljushnjak_vitalii Фолюшняк, Виталий
forostjak_ruslan.odessa Форостяк, Руслан (Одесса)
frejdlin_mihail Фрейдлин, Михаил
frolov_konstantin Фролов, Константин
gaj_miroslav Гай, Мирослав
gajdukevich_vitalij Гайдукевич, Віталій
galaktion_ljudmila Галактионова, Людмила
galaktionova_natalia.mariupol Галактіонова, Наталія (Маріуполь)
galich_maksim Галич, Максим
galickij_sergej Галицкий, Сергей
galushko_denis Галушко, Денис
ganna_schasna_garus Счасна-Гарус, Ганна
ganok_ivan Ґанок, Іван
garkusha_julia.zhurnalist.dnipro.mariupol Гаркуша, Юлія (журналіст, Дніпро, Маріуполь)
garmash_sergej Гармаш, Сергей
garret_rob.art_teacher Гаррет, Роб (вчитель мистецтва)
gavrilenko_oleg Гавриленко, Олег
gavva_elena Гавва, Елена
gazeta_hozjain_doneck_dnr Газета «ХОЗЯИН» г. Донецк, ДНР
gazeta_svit Gazeta Svit
gejman_natalia Гейман, Наталия
gelfand_maja.izrail.chess.zhurnalist Гельфанд, Майя (Ізраїль)
gendin_evgenij.dnepropetrovsk Гендин, Евгений (Днепр)
genshtab_zsu Генеральний штаб ЗСУ / General Staff of the Armed Forces of Ukraine
gerasimova_nadia.mariupol Герасімова, Надія (Маріуполь)
gerasymchuk_tanja Gerasymchuk, Tanja
german_andrej.kiev Герман, Андрей (Киев)
getalo_volodymyr.mariupol Гетало, Володимир (Маріуполь)
getmanska_tetjana.mariupol Гетманська, Тетяна (Маріуполь)
gevedze_andrij.kiev Геведзе, Андрій (Київ)
gimmiri_ana Gimmiri, Ana
gin_anna.harkov Гин, Анна (Харьков)
girnjak_marjana Гирняк, Марьяна
gladkevich_sergij.fotograf.zhurnalist Гладкевич, Сергій (Фотограф, Журналіст)
gladyshev_andrei Гладышев, Андрей
glazunov_dmitrij Глазунов, Дмитрий
gljancev_anatolii Глянцев, Анатолий
gluzman_semen.psihiatr.dissident Глузман, Семен (Психиатр, Диссидент)
glyva_marina.zaporozhie Глыва, Марина (Запорожье)
gnap_dmitrij Гнап, Дмитрий
gnypa_viktoria.lviv Гнипа, Вікторія (Львів)
goldarb_maksim Гольдарб, Максим
goldin_arkadij Голдин, Аркадий
golobuckij_aleksej Голобуцкий, Алексей
golobuckij_vova Голобуцкий, Владимир
golos_pravdy_eu Голос Правды
golovachev_andrej Головачев, Андрей
golovanj_andrij.ua.mariupol.muzykant Головань, Андрій (Маріуполь)
golovij_oksana Головій, Оксана
golovko_alexei Головко, Алексей
golovko_mihail Головко, Михаил
golovnjov_grigorij.mariupol.runner Головньов, Григорій (Маріуполь)
golovnjova_maryna.mariupol Головньова, Марина (Маріуполь)
golub_evgenij.kiev Голуб, Евгений (Киев)
golubov_oleksij.harkiv.astronom Голубов, Олексій (Харків)
gonchar_andrej Гончар, Андрей
goncharenko_aleksej Гончаренко, Алексей
goncharova_tatjana.kiev Гончарова, Татьяна
gonchukov_arsenii Гончуков, Арсений
gorbov_vadim.kiev Горбов, Вадим
gorbunova_natalia.mariupol Горбунова, Наталія (Маріуполь)
gordienko_larisa.mariupol Гордієнко, Лариса (Маріуполь)
gorn_dmitrii Горн, Дмитрий
gornyj_aleksandr.blogger.krym Горный, Александр (Крым)
gorodeckij_evgenij Городецкий, Евгений
gorovyj_ruslan Горовый, Руслан
goruna_stanislav Горуна, Станислав
gots_olexandr.mariupol Гоц, Олександр (Маріуполь)
gouzar_olena Olena Gouzar
gov.ru.kremlin Президент России, официальный сайт
grabar_sergij.kiev Грабар, Сергій (Київ)
grabovskij_maks.mariupol Грабовський, Макс (Маріуполь)
granovskij_vladimir.kiev Грановский, Владимир (Киев)
grebenjuk_viktoria.mariupol Гребенюк, Вікторія (Маріуполь)
grebennikov_jurij.belgorod Гребенников, Юрий (Белгород)
grechushna_viktoria.kyiv Гречушна, Вікторія (Київ)
green_grey.gruppa.ukr Группа Грин-Грей (Украина)
grehov_oleksandr.kyiv Грехов, Олександр (Київ)
gricenko_oleksandra.likar.mechnikova Гриценко, Олександра (Лікар, лікарня Мечникова)
grigoriev_andrei Григорьев, Андрей
grishko_antonina.mariupol Гришко, Антоніна (Маріуполь)
grishko_valerij.mariupol Гришко, Валерій (Маріуполь)
grjanchenko_nikolaj.moskva Грянченко, Николай (Москва)
grycenko_natalia.kyiv.majster_florist Гриценко, Наталія (майстер-флорист, Київ)
gudymenko_jurij Гудименко, Юрій
guskov_igor Гусков, Игорь
guzar_zinovij Гузар, Зіновій
guzhva_igor Гужва, Игорь
guzovska_viktoria.ua.dnipro.likar.mechnikova Гузовська, Вікторія (Лікар, Дніпропетровська Обласна Клінічна Лікарня ім. І. І. Мечникова)
hakimov_aleksandr Хакимов, Александр
hanarin_pavel Ханарин, Павел
haperskaja_marina Хаперская, Марина
harakoz_volodymyr.hudozhnyk.mariupol Харакоз, Володимир (художник, Маріуполь)
harchenko_aleksandra Харченко, Александра
harohorina_marina Харохорина, Маргарита
hazhilenko_ksenia.kyiv Хажіленко, Ксенія (Київ)
helga_v_topolska Helga V. Topolska
helgis_gerus Helgis Gerus
helgiv_oleg Хелгив, Олег
hersonskij_boris Херсонский, Борис
himich_roman Химич, Роман
hirurgia.nomer.dva Обласний гнійно-септичний центр ім. Святого Луки В. Ф. Войно-Ясенецького
hohlova_olena.mariupol Хохлова, Олена (Маріуполь)
holmogorov_egor Холмогоров, Егор
homichuk_oleksandr Хомичук, Александр
horyn.info Горинь.інфо
hozhainova_vika Хожаїнова, Віка
hristenko_oleg Христенко, Олег
hromov_andrej.rossia.deputat.ldpr Хромов, Андрей (ЛДПР, Россия)
hrystenko_hrystyna.ternopil Христенко, Христина (Тернопіль)
hudenko_natalia Худенко, Наталія
hursin_evgenij Хурсин, Евгений
husainov_timur Хусаинов, Тимур
hvylja_oksana Хвиля, Оксана
ihelzon_jevgenij Ихельзон, Евгений
iljenko_andrej Ильенко, Андрей
iljenko_filipp Ильенко, Филипп
iljin_artem.mariupol Ільїн, Артем (Маріуполь)
illa_tria Illa Tria
imamov_vitalij Имамов, Виталий
institut_prosvity Інститут Просвіти
iordanov_albert Иорданов, Альберт
ipf_npu Інженерно-педагогічний факультет НПУ ім. М. Драгоманова
isaev_voldemar Исаев, Вольдемар
ischenko_rostislav Ищенко, Ростислав
ischuk_jana.ternopil.composer.musician Іщук, Яна (композитор, Тернопіль)
italiec_vadim Італієць, Вадим
ivanchenko_evgenia.mariupol Іванченко, Євгенія (Маріуполь)
ivanchuk_valeria Иванчук, Валерия
ivano_frankivska_oblastna_klinichna_likarnja Івано-Франківська обласна клінічна лікарня
ivanochko_inna Иваночко, Инна
ivanov_andrej Иванов, Андрей
ivanov_sergej Иванов, Сергей
ivanova_dasha.mariupol Іванова, Даша (Маріуполь)
ivanova_jana.mariupol Іванова, Яна (Маріуполь)
ivanova_nina Иванова, Нина
ivanova_tetjana.mariupol Іванова, Тетяна (Маріуполь)
ivanova_viktoria.doneck Иванова, Виктория (Донецк, ДНР)
ivleva_viktoria.moskva.ng Ивлева, Виктория
jabloneva_tonja.kiev Яблонева, Тоня (Киев)
jacenko_andrej.diezel.gringrey.ukr Яценко, Андрей (Дизель, Грин Грей, Украина)
jakimenko_anatolij Якименко, Анатолий
jakimov_vanja Якимов, Ваня
jakovenko_igor Яковенко, Ігор
jakovenko_vjacheslav Яковенко, Вячеслав
jakovlev_evgenij Яковлев, Евгений
jakovlev_vadym Яковлев, Вадим
janevych_maria_hrystyna Яневич, Марія-Христина
janovskij_konstantin.kiev Яновский, Константин (Киев)
janvarev_vasilij Январев, Василий
jarmak ЯрмаК
jarmolenko_igor.mariupol Ярмоленко, Ігор (Маріуполь)
jarmonov_igor.chess.mariupol Ярмонов, Ігор (Маріуполь)
jarosh_dmitrij Ярош, Дмитрий
jaroslavskij_denis Ярославский, Денис
jasinskij_oleg Ясинский, Олег
jasnaja_anna Ясная, Анна
jasyr_nikolaj Ясыр, Николай
jegorushkina_katerina Егорушкина, Катерина
jenny_lev Jenny Lev
jeremenko_evgenia Ерёменко, Евгения
jeresova_bilovir_svetlana Ересова-Биловир, Светлана
jermaka_larisa.mariupol Єрмака, Ларіса (Маріуполь)
jermolajev_valerij Ермолаев, Валерий
jermolenko_vladimir Ермоленко, Владимир
jurijchuk_iryna.kyiv Юрійчук, Ірина (Київ)
jurjevskaja_anna Анна Юрьевская
jushkov_slava Юшков, Слава
juskovec_serikova_larysa Юсковець Сєрікова, Лариса
juzych_jurij Юзич, Юрій
kabanov_aleksandr.kiev Кабанов, Александр (Киев)
kabysh_sergej.kiev Кабыш, Сергей (Киев)
kachan_evgenij Качан, Евгений
kaganovich_anatolij Каганович, Анатолий
kajstro_dmitrii Кайстро, Дмитрий
kamencova_maria.kiev Каменцова, Мария (Киев)
kamenichenko_olena.mariupol Каменіченко, Олена (Маріуполь)
kanchura_tetjana.likar.anesteziolog.mechnikova Канчура, Тетяна (Лікар-анестезіолог, лікарня Мечникова)
kapeljushnyj_anton Капелюшный, Антон
karamazov_oleg Карамазов, Олег
karaulovp_mila.mariupol Карауловп, Мила (Маріуполь)
karevin_aleksandr Каревин, Александр
karpec_aleksandr Карпец, Александр
karpenko_sergij.mariupol Карпенко, Сергій (Маріуполь)
karpij_vladimir Карпий, Владимир
kasatkina_tatjana Касаткина, Татьяна
kasjanov_jurij.kiev Касьянов, Юрий (Киев)
kasjanova_daria.irpen Касьянова, Дар'я
kaspruk_iryna.lviv Каспрук, Ірина (Львів)
katajeva_maria Катаєва, Марія
katerinchuk_roman Катеринчук, Роман
katrusja_ukrainka Katrusya Ukrainka
katsalaj_solomia Кацалай, Соломія
kaurova_oksana Каурова, Оксана
kazakov_igor Казаков, Игорь
kazanskij_denis Казанский, Денис
kazarin_pavel Казарин, Павел
kedrovskij_igor Кедровский, Игорь
kenigshtein_ilja Кенигштейн, Илья
kernytska_kristina Керницька, Кристина
kevorkjan_konstantin Кеворкян, Константин
kibkalo_natalia.mariupol.biblioteka.korolenko Кібкало, Наталія (бібліотека ім. В. Г. Короленко, м. Маріуполь)
kiev_old_fotos Старі Фотографії - Киевские Истории (ФБ Группа)
kindratyszyn_olena Кіндратишин, Олена
kipcharskij_viktor.mariupol Кіпчарський, Віктор (Маріуполь)
kirichenko_igor Кириченко, Игорь
kirichenko_sergii Кириченко, Сергей
kirjakulova_tetjana.mariupol Кір'якулова, Тетяна (Маріуполь)
kirkevich_viktor.kiev Киркевич, Виктор (Писатель, Киев)
kirychenko_svitlana.harkiv Кириченко, Світлана (Харків)
kiseljova_tetjana.ukraina Кісєльова, Тетяна (Україна)
kiva_ilja Кива, Илья
kizilov_evgen Кізілов, Євген
klimenko_oksana.mariupol Клименко, Оксана (Маріуполь)
klimov_artem.mariupol Клімов, Артем (Маріуполь)
kljashtornyj_aleksej Кляшторный, Алексей
klochko_andrej Клочко, Андрей
knjazhickij_nikolaj Княжицкий, Николай
knjazhna_anastasia.herson Княжна, Анастасия (Херсон)
knukim Київський національний університет культури і мистецтв
knysh_vladlen Кныш, Владлен
kobozov_jurij Кобозов, Юрий
kobyljakov_oleksandr Кобиляков, Олександр
kocaba_ruslan Коцаба, Руслан
kochetkov_aleksandr Кочетков, Александр
kochetova_irina.lugansk.lnr Кочетова, Ирина (Луганск, ЛНР)
kofman_aleksandr.doneck.dnr Кофман, Александр (Донецк, ДНР)
kokotjuha_andrij Кокотюха Андрій
kolesnikov_anton Колесников, Антон
kolja_serga.ua.poet.muzykant Коля Серга
kolky.rada.org.ua Колківська селищна об'єднана територіальна громада
kolokolceva_arina Колокольцева, Арина
kolomiec_jurij Коломієць, Юрій
koltak_julia.kiev Колтак, Юлия (Киев)
kolyhaev_igor.herson.mer Колихаєв, Ігор (міський голова, Херсон)
komarov_dmitrij Комаров, Дмитро
komarovskij_evgenij.likar.harkiv Комаровський, Євгеній (лікар, Харків)
kompanichenko_taras Компаніченко, Тарас
kondratiev_anatolii Кондратьев, Анатолий
kondur_aljona.likar.mariupol Кондур, Альона (лікар, Маріуполь)
kononenko_vadim.herson Кононенко, Вадим (Херсон)
kontorovich_aleksandr Конторович, Александр
kopejka_gennadij Копейка, Геннадий
kopejkina_ljubov.arhitektor.mariupol Копейкіна, Любов (архітектор, Маріуполь)
korchynska_oksana Корчинська, Оксана
korchynskyi_dmytro Корчинський, Дмитро
koreckij_aleksej Корецкий, Алексей
koreljakova_tatjana.hudozhnik.rossia Корелякова, Татьяна (Художник, Россия)
kornejeva_illjana.kyiv Корнєєва, Ілляна (Київ)
kornijeckaja_maria.kiev Корниецкая, Мария (Киев)
kornilov_vladimir Корнилов, Владимир
korobejnikov_varfolomej Коробейников, Варфоломей
korobova_ekaterina Коробова, Екатерина
korogodskij_garik.kiev Корогодский, Гарик (Киев)
korotenko_pavlo.slovjansk.zhurnalist Коротенко, Павло (журналіст, Слов'янськ)
korovanenkova_natalia.mariupol Корованенкова, Наталія (Маріуполь)
kosachev_konstantin Косачев, Константин
kosarenko_stas.zaporozhie Косаренко, Cтас (Запорожье)
kosenko_ivan Косенко, Иван
koshmarchenko_jurij Кошмарченко, Юрій
kostenko_katja.kyiv Костенко, Катя (Київ)
kostrikov_andrej.odessa Костриков, Андрей (Одесса)
kotelnikov_konstantin Котельников, Константин
kotelnikova_ganna.mariupol Котельнікова, Ганна (Маріуполь)
kotelnikova_julia.harkov.psiholog Котельникова, Юлия (психолог, Харьков)
kotenko_tatiana Котенко, Татьяна
kotikova_oksana.mariupol Котікова, Оксана (Маріуполь)
kotsubajlo_dmytro Коцюбайло, Дмитро
koval_aleksej.odessa Коваль, Алексей (Одесса)
koval_oleg Коваль, Олег
kovalchuk_oksana.mariupol Ковальчук, Оксана (Маріуполь)
kovalenko_oleksij.kiev Коваленко, Олексій (Київ)
kovaleva_anna.odessa.klinicheskii_psiholog Ковалева, Анна (Клинический Психолог, Одесса)
kovaljov_andrej Ковалев, Андрей
kovaljov_roman Ковалев, Роман
kovalov_andrij Ковальов, Андрій
kovalskaja_tatjana.kiev Ковальская, Татьяна (Киев)
kovtun_viktor.kiev Ковтун, Віктор (Київ)
kozachenko_bazhan Козаченко, Бажан
kozhushko_roman Кожушко, Роман
krapiva_daria.dnipro.fizychnyj_terapevt Крапива, Дар'я (Фізичний терапевт, Дніпро)
krasnjaschih_andrii Краснящих, Андрій
krasnova_elena Краснова, Елена
kravchenko_talik.mariupol Талік Кравченко (Маріуполь)
kravchuk_aleksandr Кравчук, Александр
kravec_inna.mariupol.majster.igrashky Кравець, Інна (Маріуполь)
krivda_anna Кривда, Анна
krivenko_julia Кривенко, Юлия
krjachko_ksenia.kyiv Крячко, Ксенія (Київ)
krjukova_svetlana Крюкова, Светлана
kruk_sergij.ua.dsns Крук, Сергій (ДСНС України)
krutenko_maryna.mariupol Крутенко, Марина (Маріуполь)
krutikova_iryna.odessa Крутікова, Ірина (Одеса)
krutivska_otg Крутівська ОТГ: новини і життя
krutojarov_aleksandr.kiev Крутояров, Александр (Киев)
kruzhilina_natalka.zhurnalist.kyiv.lugansk Кружиліна, Наталія (журналіст, Київ)
krylov_pavel Крылов, Павел
krylova_iryna.mariupol Крилова, Ірина (Маріуполь)
krym_tatar_resursnyj_centr Кримськотатарський Ресурсний Центр
krysjkov_sergij.kiev Криськов, Сергій (Київ)
kryzhanivska_marichka Крижанівська, Марічка
ksenz_ljudmila Ксенз, Людмила
kuc_galina Куц, Галина
kucenko_dmytro.mariupol Куценко, Дмитро (Маріуполь)
kuchinskij_sergej Кучинский, Сергей
kuchma_aleksej Кучма, Алексей
kudrenko_elena Кудренко, Елена
kudrjac_evgenij Кудряц, Евгений
kudrjakov_andrej Кудряков, Андрей
kuharchuk_dmitrij Кухарчук, Дмитрий
kuharkin_pavel Кухаркин, Павел
kuharuk_roman Кухарук, Роман
kul_igor Кул, Игорь
kulachko_nadia.mariupol.nadin_nadin Кулачко, Надія (Маріуполь)
kulik_sergej Кулик, Cергей
kulik_vitalij Кулик, Виталий
kultura.lnr.filarmonia Луганская академическая филармония ЛНР
kulyk_roman Кулик, Роман
kulynko_inna.nizhyn Кулинько, Інна (Ніжин)
kuranova_roksana.mariupol Куранова, Роксана (Маріуполь)
kurbatov_roman Курбатов, Роман
kurkul_beata Kurkul, Beata
kurohta_leonid Курохта, Леонид
kusch_aleksej Кущ, Алексей
kusch_pavlo.ua.zhurnalist.writer Кущ, Павло (журналіст, письменник)
kushnarjev_roman Кушнарев, Роман
kushneruk_anna.kyiv Кушнерук, Анна (Київ)
kushnir_marjan Кушнір, Мар'ян
kutepova_nadezhda Кутепова, Надежда (Россия)
kutnjakov_sergij.kyiv.mariupol Кутняков, Сергій (Маріуполь)
kutnjakova_maria.zhurnalist.vilnjus.mariupol Кутнякова, Марія (журналістка, Вільнюс, Маріуполь)
kutyshenko_tetjana Кутишенко, Тетяна
kuzbass_hud_kolledzh Кузбасский Художественный-Колледж
kuzmenko_petr Кузьменко, Петр
kuzmin_renat Кузьмин, Ренат
kuznecov_alexei Кузнецов, Алексей
kuznecov_roman.kyiv Кузнєцов, Роман (Київ)
kuzubov_dmytro Кузубов, Дмитро
kviatkovskyi_viktor Kviatkovskyi Viktor
kyiv.desnjanska_rda Деснянська РДА (Київ)
kyiv_arsenal Kyiv Arsenal
kyshtymov_aleksandr Кыштымов, Александр (Москва, Россия)
kysjko_artem.mariupol.policia Кисько, Артем (Маріуполь)
kytova_iryna.ua.dnipro.likar Китова, Ірина
kyzylova_myroslava.kiev Кизилова, Мирослава (Київ)
ladchenko_inna.mariupol Ладченко, Інна (Маріуполь)
lafazan_natalia.mariupol Лафазан, Наталія (Маріуполь)
lalach_tania Лалач, Татьяна
lapshin_oleksandr Лапшин, Олександр
larichev_jurij Ларичев, Юрий
larin_igor.psiholog Ларин, Игорь (Психолог)
lavrova_iryna.mariupol Лаврова, Ірина (Маріуполь)
lavrova_olga Лаврова, Ольга
lazarenko_oleksandr.mariupol Лазаренко, Олександр (Маріуполь)
lazarev_dmitrij.ekaterinburg.rossia.pisatel.fantast Лазарев, Дмитрий (Писатель-Фантаст, Екатеринбург, Россия)
lazarev_sergej Лазарев, Сергей
lazorkin_vitalij Лазоркин, Виталий
lazurkevych_sofia Лазуркевич, София
lebedev_fedor.kiev.videoblogger Лебедев, Федор (Киев)
lebedev_sergej_lohmatyj Лебедев, Сергей (Лохматый)
lebedeva_viktoria.mariupol Лєбєдєва, Вікторія (Маріуполь)
lee_matthew Lee, Matthew
legasova_inga Легасова, Инга
lema_valerij.lvov Лема, Валерий (Львов)
lemko_ilko Лемко, Ілько
lenko_maksim Ленко, Максим
leonova_lilia Леонова, Лилия
lesev_igor Лесев, Игорь
lesik_andrej Лесик, Андрей
lesto_andrej Лесто, Андрей
leuckij_mykyta.mariupol Леуцький, Микита (Маріуполь)
levchenko_marta.chernivci.misto_dobra Левченко, Марта (Керівник БФ "Я майбутнє України", Чернівці)
levchik_aleksej Левчик, Алексей
levickaja_natasha.kiev Левицкая, Наталья (Киев)
levin_olga.mariupol Левін, Ольга (Маріуполь)
levin_sergej.moskva Левин, Сергей (Москва)
lgaki Луганская государственная академия культуры и искусств им. М. Матусовского
liana_walka Liana Walka
liderman_feliks.kiev Лидерман, Феликс (Киев)
lihanova_olga Лиханова, Ольга
limakova_anastasia.mariupol Лімакова, Анастасія (Маріуполь)
linnyk_ljudmyla.donor_ua Лінник, Людмила (DonorUA)
lirnyk_sashko Лірник, Сашко
lisnichuk_marina Лисничук, Марина
lisnycha_valentina.dnipro.anesteziolog.mechnikova Ліснича, Валентина (Анестезіолог, Лікарня Мечникова, Дніпро)
lisogor_viktoria.mariupol Лісогор, Вікторія (Маріуполь)
lisovec_viktoria.mariupol Лисовець, Вікторія (Маріуполь)
lisovenko_andrej.pravyj_sektor Лисовенко, Андрей (Правый Сектор)
litinskij_svjatoslav Литинский, Святослав
litvinova_marta Литвинова, Марта
litvinskij_mihail.pisatel Литвинский, Михаил (Писатель)
livanov_jurij Ливанов, Юрий
livekharkov Харьков LIVE
livinska_tetjana Лівінська, Тетяна
lj.kungurov kungurov (LiveJournal)
lj.yadocent yadocent (LiveJournal)
ljamec_sergej Лямец, Сергей
ljashenko_gleb Ляшенко, Глеб
ljashenko_vadim Ляшенко, Вадим
ljoshenko_elena.kiev.jurist Лёшенко, Елена (Юрист, Киев)
ljuba_ljubov Lyuba Lyubov
ljubka_andrii Любка, Андрій
ljubko_deresh.pisatel.ukr Любко Дереш (Письменник, Україна)
ljutyj_taras Лютий, Тарас
logunov_mehti Логунов, Мехти
logvinova_dina.doneck.dnr Логвинова, Дина (Донецк, ДНР)
lohmatova_valentina Лохматова, Валентина
lonska_tetjana Лонська, Тетяна
losik_daria Лосік, Дарія
loskutova_natalia.mariupol Лоскутова, Наталія (Маріуполь)
loza_vladislav Лоза, Владислав
lozovskij_sergej Лозовский, Сергей
lubenskii_andrei Лубенский, Андрей
luca_olena.mukacheve.ua Луца, Олена (Мукачеве)
lucenko_igor.kiev Луценко, Ігор (Київ)
lugansk_inform_center ЛуганскИнформЦентр
lukash_elena Лукаш, Елена
lukashuk_mykola.dnipro.obl_rada Лукашук, Микола (Голова Дніпропетровської обласної ради)
lukjanec_sergej Лукьянец, Сергей
lukjanenko_sergej.pisatel Лукьяненко, Сергей
lukjanov_oleksandr.mariupol Лук'янов, Олександр (Маріуполь)
lukshic_jurij Лукшиц, Юрий
lunina_tetjana.mariupol Луніна, Тетяна (Маріуполь)
lushelskij_boris Лушельский, Борис
lutsenko_igor Луценко, Ігор
lviv.pershe_medychne_objednannja Перше медичне об'єднання міста Львова
lviv1256 Так люблю той Львів, що бракує ми слів
lysenko_andrej.dnr.volonter Лысенко, Андрей (Волонтер, ДНР)
lysenko_artem Лысенко, Артем
lyzhychko_ruslana Лижичко, Руслана
magomedov_musa.avdeevka Магомедов, Муса (Авдеевка)
maguchih_jaroslava Магучих, Ярослава
mahin_aleksandr Махин, Александр
mahno_vasyl Махно, Василь
mahovska_iryna.hudozhnik.mariupol Маховська, Ірина (Маріуполь)
mahovska_oksana.mariupol.kyiv.fotograf Маховська, Оксана (фотограф, Маріуполь, Київ)
majorenko_georgij.kiev Майоренко, Георгий (Киев)
majtamalova_natalja.doneck Майтамалова, Наталья (Донецк)
mak_poznyak Maks Poznyak
makarenkov_nikita Макаренков, Никита
makarevich_ekaterina Макаревич, Екатерина
makarov_sergij.mariupol Макаров, Сергій (Маріуполь)
makitra_jaroslav Макитра, Ярослав
malahova_julia.mariupol Малахова, Юлія (Маріуполь)
malahovskyj_oleksandr.mariupol Малаховський, Олександр (Маріуполь)
malanjuk_lesja Маланюк, Леся
malcev_igor Мальцев, Игорь
maljar_ganna Маляр, Анна
maljarchuk_olga.mykolaiv Малярчук, Ольга (Миколаїв)
malko_roman Малко, Роман
malyhin_denis.mariupol Малихін, Денис (Маріуполь)
malyk_roman Малык, Роман
malyshko_irina Малышко, Ирина
manilova_svetlana.kiev.ukraina Манилова, Светлана
mann_oleksa Манн, Олекса
marchenko_dmitrij Марченко, Дмитрий
marchuk_marina.mariupol Марчук, Марина (Маріуполь)
margo_weis Margo Weis
marinchenko_aleksandr Маринченко, Александр
marinchik_litvin.mariupol Marinchik Litvin (Маріуполь)
marinovich_miroslav Маринович, Мирослав
mariupol.biblioteka.istorychna.grushevskogo Маріупольська міська історична бібліотека ім. М. Грушевського
mariupol.centr.kuindzhi Центр сучасного мистецтва і культури ім. А. І. Куїнджі
mariupol.inkljuziv_festival_tvorchosti_razom_my_jedyni Інклюзивний фестиваль творчості "Разом - ми єдині" (Маріуполь)
mariupol.kulturna_toloka Культурна Толока Маріуполя
mariupol.postmost Проєкт Пост Мост (Маріуполь)
mariupol.shkola.art.kuindzhi Маріупольська художня школа ім А. І. Куїнджі
mariupol.teatr.terra_ignognita Terra Incognita свій театр для своїх (Маріуполь)
mariupol.turystychne_misto Маріуполь - туристичне місто
mariupol.vezha_centr Культурно-туристичний центр "Вежа" (Маріуполь)
markosjan_elena Маркосян, Елена
markova_marina.lugansk.lnr Маркова, Марина (Луганск, ЛНР)
markova_tetjana.mariupol Маркова, Тетяна (Маріуполь)
marochkin_andrej_v Андрей В. Марочкин
marshalok_igor.ukraina Маршалок, Ігор (Україна)
martynec_sergei Мартынец, Сергей
marusik_taras Марусик, Тарас
marusov_andrij.mariupol Марусов, Андрій (Маріуполь)
masenzova_viktoria.mariupol Масєнзова, Вікторія (Маріуполь)
mashkevich_stefan Машкевич, Стефан
maslov_evgenij Маслов, Евгений
master_i_margarita Master i Margarita
mazepa_petro Мазепа, Петро
mazurashu_georgij Мазурашу, Георгий
mednikov_jan.kiev Медников, Ян (Киев)
medvedeva_olesja Медведева, Олеся
melnichuk_sergej Мельничук, Сергей
melnik_vadim.mariupol Мельник, Вадим (Маріуполь)
menendes_enrike Менендес, Энрике
merezhko_oleksandr.kiev.deputat Мережко, Олександр (Народний депутат, Київ)
merkulov_vladimir Меркулов, Владимир
mezenceva_maria Мезенцева, Марія
mihajlenko_maksim Михайленко, Максим
mihajlovska_julia.mariupol Михайловська, Юлія (Маріуполь)
miheev_vladislav Михеев, Владислав
mike_mikes.kiev Mike Mikes (Киев)
mikrjukova_natalia.mariupol Мікрюкова, Наталія (Маріуполь)
miljko_alena Милько, Алена
minston_marina Минстон, Марина
mirastudia.ua MiraStudia Модерна Україна
miro_aleksandr Миро, Александр
miroshnichenko_mihail.mariupol Мірошніченко, Михайло (Маріуполь)
miroshnik_rodion Мирошник, Родион
miroslava_iltjo Ильтьо, Мирослава
mischenko_andrej Мищенко, Андрей
mischenko_sergej Мищенко, Сергей
mischishin_mihail Мищишин, Михаил
mishin_andrej.kiev Мишин, Андрей (Киев)
mitja_rajevskij Мітя Раєвський
mitrjajev_aleksandr.kiev Митряев, Александр (Киев)
mitropolit_antonij Митрополит Антоний
mnk_org_ua Молодіжний Націоналістичний Конгрес - МНК
mogilnickij_maksim Могильницкий, Максим
moisejev_sergej.rusj_triedinaja Моисеев, Сергей (Русь Триединая)
moja_movna_stijkistj Моя Мовна Стійкість
mokryk_radko Mokryk, Radko
molchanov_jurij Молчанов, Юрий
moldova_volodymyr Молдова, Володимир
momot_galyna Галина, Момот
monova_elena Монова, Елена
morozova_iryna.mariupol Морозова, Ірина (Маріуполь)
mosijchuk_igor Мосійчук, Ігор
moskalenko_lesja Москаленко, Леся
moskovcova_anna.mariupol Московцова, Анна (Маріуполь)
moskovskij_jurij Московский, Юрий
moskovskije_zapiski Московские Записки
mova_na_chasi Мова на Часі
mozzhuhin_andrei Мозжухин, Андрей
muharskij_antin Мухарский, Антин
murajev_jevgenij Мураев, Евгений
murashova_bogdana.kiev Мурашова, Богдана (Киев)
muz_shkola_deti.selo_schaslyve Дитяча музична школа села Щасливе
muzej_dytachoj_tvorchosti.ukr Музей Дитячої Творчості
muzykalnaja_shkola_1_im_leontovicha_doneck Музыкальная школа № 1 им. Н. Леонтовича г. Донецк
myhelson_oleksandr Михельсон, Олександр
nagorna_iryna.mariupol Нагорна, Ірина (Маріуполь)
nagorna_natasya Nagorna, Natasya
najdenova_veronika Найдёнова, Вероника
najem_mustafa Найем, Мустафа
namestnik_myhailo Наместник, Михайло
nash_kiev Наш Киев
nasteckij_vjacheslav.kiev Настецкий, Вячеслав (Киев)
natalija_grieze_vilkeliene.mariupol Natalija Griežė Vilkelienė
naumova_ljudmyla.mariupol Наумова, Людмила (Маріуполь)
nazar_volodymyr Назар, Володимир
nazarenko_oleg Назаренко, Олег
nazarenko_olena.mariupol Назаренко, Олена (Маріуполь)
nazarov_maksim.zhurnalist Назаров, Максим
nbukids.ua Національна бібліотека України для дітей
neborakova_bogdana Неборакова, Богдана
nedelina_olesja.zaporozhie Нєдєліна, Олеся (Журналіст, Запоріжжя)
nemchinova_julia.belgorod Немчинова, Юлия (Белгород)
nestelejev_maksim Нестелєєв, Максим
news.lnr.lug_info Луганский Информационный Центр
news.lnr.mirlug Общественное движение «Мир Луганщине»
news.ua.fromua Новини України - From-UA.com
news.ua.hvylya Хвиля
news.ua.luck.visnyk Вісник (Луцьк, Україна)
news.ua.volyn Газета «Волинь-нова» (Україна)
news.ua.zn Дзеркало Тижня (Україна)
nicoj_larisa Ницой, Лариса
nicolo_petrash Nicolo Petrash
nik_melnik Ник Мельник
nikiforov_artem Никифоров, Артем
nikolin_anna.kyiv Ніколін, Анна (Київ)
nikonov_sergej Никонов, Сергей
nikulichev_andrej Никуличев, Андрей
nitsoi_larysa Ніцой, Лариса
nizhynska_tetjana Ніжинська, Тетяна
nosenko_ivan Носенко, Иван
novahatskij_oleksandr Новахатський, Олександр
novickij_vladimir Новицкий, Владимир
novikov_victoria.kiev Novikov, Victoria (Киев)
novikova_natalia.kiev Новикова, Наталия (Киев)
novohackij_oleksandr.kiev Новохацький, Олександр (Київ)
nozdrachova_olena.mariupol Ноздрачова, Олена (Маріуполь)
nuribekova_vika Нурибекова, Вика (Киев)
ogloblin_vladimir.harkov Оглоблин, Владимир (Харьков)
ohmatdet.bolnica Національна дитяча спеціалізована лікарня ОХМАТДИТ
ohotin_petro Охотін, Петро
ohrimenko_olga Охрименко, Ольга
olejnik_vladimir Олейник, Владимир
olejnikov_maksim Олейников, Максим
olijnyk_ganna Олийнык, Анна
olijnyk_olena Олійник, Олена
olivec_vladimir Оливець, Владимир
olympic_ua НОК України та олімпійська команда
omarov_ruslan Омаров, Руслан
oo_molodaja_respublika Общественная организация «Молодая Республика»
opolskaja_nina Опольская, Нина
oshovskyj_viktor.kyiv.likar.akusher_ginekolog Ошовський, Віктор (лікар, акушер-гінеколог, Київ)
osipova_maria Осипова, Мария
ostapovec_galina Остаповец, Галина
otovchic_evgenij.kiev Отовчиц, Евгений (Киев)
ovcharenko_vitalij Овчаренко, Віталій
ovsjannikov_vitalij Овсянников, Виталий
ozhegov_sergej_775 Ожегов, Сергей
paganel_studio.ua Paganel Studio
palamarchuk_pavlo Паламарчук, Павло
palenko_maksym.ua.hudozhnyk.grafik Паленко, Максим (художник, графік та ілюстратор)
palii_oleksandr Палій, Олександр
paljutin_artem Палютін, Артем
panasenko_iryna.harkiv Панасенко, Ірина (Харків)
panasjuk_hrystyna Панасюк, Христина
panchenko_diana Панченко, Диана
panov_vadim.moskva.pisatel Панов, Вадим (Писатель, Москва)
papush_fedina_inna Папуш-Федина, Инна
partina_olga Партина, Ольга
partsej_roman.pardubice.mariupol Парцей, Роман (Пардубіце, Маріуполь)
pashkurlat_tetjana.mariupol.tetyana_marua Пашкурлат, Тетяна (Маріуполь)
pavliv_mihail Павлив, Михаил
pavljuk_antonina Павлюк, Антонина
pavljuk_igor.lvov.pisatel Павлюк, Ігор (Письменник, Львів)
pavlov_evgenij Павлов, Евгений
pavlova_viktoria Павлова, Виктория
pavluhin_viktor.harkov Павлухин, Виктор (Харьков)
pehotskaja_gnatyshyn_oksana.mariupol.hudozhnyk Пехотська Гнатишин, Оксана (художниця, Маріуполь)
pekar_valerij Пекар, Валерий
pekarskaja_valentina Пекарская, Валентина
peleh_vitalij.dnipro.likar.mechnikova Пелех, Віталій (Лікар, Дніпропетровська Обласна Клінічна Лікарня ім. І. І. Мечникова)
peres_olga Перес, Ольга
peseckij_valerij Песецкий, Валерий
pestun_maksim.kiev.ukraina.pisatel Пестун, Максим (Киев)
petik_marina Петик, Марина
petrov_dmitrii Петров, Дмитрий
petrov_sergij.harkiv Петров, Сергій (Харків)
petrova_aleksandra Петрова, Александра
petrova_irina.kiev Петрова, Ирина (Киев)
pichkur_oksana.mariupol Пічкур, Оксана (Маріуполь)
piddubnyj_aleksandr Пиддубный, Александр
pidmogylnyj_andrij.kiev.terra_incognita Підмогильний, Андрій (Київ)
pidmogylnyj_sergij Підмогильний, Сергій
pikta_svetlana Пикта, Светлана
pinchuk_olena.mariupol Пінчук, Олена (Маріуполь)
pipa_natalia.ukraina Піпа, Наталія (Україна)
pivovarov_viktor.mariupol Півоваров, Віктор (Маріуполь)
plahotnjuk_bogdan Плахотнюк, Богдан
plotnikova_olena Плотнікова, Олена
podobna_evgenia Подобна, Евгения
podoljanchuk_diana.ua Подолянчук, Діана
podzigun_ksenia Подзігун, Ксеня
pogrebinskij_mihail Погребинский, Михаил
pogrebnoj_jurij.herson Погребной, Юрий (Херсон)
poguljaev_andrej Погуляев, Андрей
polchenko_volodymyr Польченко, Володимир
poljakova_galina.kiev Полякова, Галина (Киев)
poljarnyj_dnevnik_kapitana_roberta_skotta Полярний щоденник капітана Роберта Скотта
polovinko_svetlana Половинко, Светлана
poltorackaja_irina.dnr Полторацкая, Ирина (ДНР)
poluektov_igor Полуэктов, Игорь
ponomareva_anastasia.mariupol Пономарьова, Анастасія (Маріуполь)
popovich_jaroslav Попович, Ярослав
posolstvo_ukrainy_v_rossii Посольство України в Росії
postol_tetjana.mariupol Постол, Тетяна (Маріуполь)
potemkin_aleksandr.kiev Потемкин, Александр (Киев)
pozdnij_taras Поздний, Тарас
pozhyvanov_myhajlo.mariupol Поживанов, Михайло (Маріуполь)
pozumentschikov_viktor Позументщиков, Виктор
pozyvnoj_adler Позывной Адлер
pravda_ljudmila Правда, Людмила
pravdivec_anastasia Правдивец, Анастасия
pravyj_sektor Правий Сектор
prilepin_zahar Прилепин, Захар
primakov_evgenij.rossia.zhurnalist Примаков, Евгений (Россия, Журналист)
prisjazhnjuk_oleg.mariupol.dnipro Присяжнюк, Олег (Маріуполь)
privalova_julia.ukraina.yaro Привалова, Юлия
procenko_aleksandr.lugansk.lnr Проценко, Александр (Луганск, ЛНР)
proshkovskaja_maria Прошковская, Мария
prostakov_gleb Простаков, Глеб
prytuljak_jana.harkiv.lugansk Притуляк, Яна (Харків, Луганськ)
przemyslaw_lis_markiewicz Przemysław Lis-Markiewicz
pshemyskyj_oleksij Пшемиський, Олексій
pshenychna_olena.kiev Пшенична, Олена (Київ)
puchkova_irina Пучкова, Ирина
purik_oksana Пурик, Оксана (Екскурсовод, Київ)
pushkina_ksenia.kramatorsk Пушкина, Ксения (Краматорск)
pustovojt_tetjana.mariupol Пустовойт, Тетяна (Маріуполь)
putilina_viktoria.kiev Путилина, Виктория (Киев)
pyzhova_evgenia.doneck Пыжова, Евгения (Донецк)
rabchinskij_sergej Рабчинский, Сергей
rabinovich_vadim Рабинович, Вадим
racun_maria Рацун, Мария
radio_stolica_doneck Радио "Столица" Донецк
radionov_vladimir Радионов, Владимир
rafalovskij_evgenij.kiev Рафаловский, Евгений (Киев)
raguckaja_lilia Рагуцкая, Лилия
rasevych_vasyl Расевич, Василь
rassadina_iryna.harkiv Рассадіна, Ірина (Харків)
razum_roman Разум, Роман
razumkov_dmitrij Разумков, Дмитрий
respub_federacia_sportivnoj_borby.lnr Республиканская федерация спортивной борьбы ЛНР
retivov_aleksandr.kiev Ретивов, Александр (Киев)
reva_andrej Рева, Андрей
reznichenko_nina.kiev Резниченко, Нина (Киев)
ribchinskij_evgenij Рыбчинский, Евгений
rik_dekart Рік Декарт
ristenko_sergij.kyiv.fotograf Рістенко, Сергій (фотограф, Київ)
rjasnyj_dmytro Рясний, Дмитро
rjurikov_andrej Рюриков, Андрей
rogalev_mihail Рогалев, Михаил
roger_paszkiewicz.mariupol Roger Paszkiewicz
rogozhyna_viktoria.kyiv Рогожина, Вікторія (Київ)
rojz_svitlana.kyiv Ройз, Світлана (Київ)
roman_chuni_muni Роман Чуни Муни (Стаханов)
romanenko_anna.mariupol.zhurnalist.0629 Романенко, Анна (журналіст, Маріуполь)
romanenko_jurij.kiev Романенко, Юрий (Киев)
romanko_natalia.harkov.kobeljaki.numerolog Романко, Наталия (Кобеляки, Харьков)
romanova_kristina Романова, Кристина
romanova_maria Романова, Мария
romanova_olena Романова, Олена
romenska_lidia.mariupol Роменська, Лідія (Маріуполь)
rozdobudko_igor Роздобудько, Ігор
ruda_bogdana Руда, Богдана
rudomanov_aleksandr Рудоманов, Александр
rudyk_daria.kiev Рудик, Дарія (Київ)
ruh_oporu_kapituljacii Рух Опору Капітуляції
rumjanceva_anna.mariupol Румянцева, Анна (Маріуполь)
rusov_jurij Русов, Юрий
russkaja_semerka Русская Семерка
ryskulbekov_tilek Рыскулбеков, Тилек
ryzhenko_sergij.ua.likar.dnepr Риженко, Сергій ( Дніпропетровська обласна клінічна лікарня ім. І. І. Мечникова )
saf_svetlana.doneck.dnr Саф, Светлана (Донецк, ДНР)
sajchuk_andrej Сайчук, Андрей
samohin_andrei Самохин, Андрей
samorokin_andrij Саморокін, Андрій
saparov_nikolaj.mariupol Сапаров, Микола (Маріуполь)
sapunova_elena Сапунова, Елена
sardzhveladze_sofia Сарджвеладзе, София
satanovskii_sergei Сатановский, Сергей
saveljev_andrej.moskva Савельев, Андрей (Москва)
saveljev_mihail Савельев, Михаил
saveljeva_zhanna.mariupol Савельєва, Жанна (Маріуполь)
savenkova_faina Савенкова, Фаина
savin_sergej Савин, Сергей
savina_jana.mariupol Савіна, Яна (Маріуполь)
savluchenko_dmitrij.herson.ukraina Савлученко, Дмитрий (Херсон, Украина)
savruckij_bogdan Савруцкий, Богдан
schedrin_igor.demsokyra Щедрин, Ігор (Демократична Сокира)
schelin_pavel Щелин, Павел
scherbak_margarita.mariupol Щербак, Маргарита (Маріуполь)
scherbakov_aleksandr Щербаков, Александр
scherbakova_marina.kiev Щербакова, Марина (Киев)
scherbina_viktor.kiev Щербина, Виктор (Киев)
schur_valentina Щур, Валентина
sebastjanovich_pavel Себастьянович, Павел
selezneva_tatiana Селезньова, Тетяна
selivanov_aleksej Селиванов, Алексей
selivanova_anastasia Селиванова, Анастасия
semak_lesja Семак, Леся
semenihina_ljudmyla.poltava Семеніхіна, Людмила (Полтава)
semenova_anna Семенова, Анна
semesjuk_ivan Семесюк, Іван
senenko_tetjana Сененко, Тетяна
sentsov_oleg Сенцов, Олег
serdjuk_vladimir_jakut Сердюк, Владимир (Якут)
sergejev_jurij.rossia Сергеев, Юрий (Россия)
sergienko_jurii Сергиенко, Юрий
shablivska_viktoria Шаблівська, Вікторія
shahov_aleksandr Шахов, Александр
shamraj_ljudmila Шамрай, Людмила
shapovalova_svetlana Шаповалова, Светлана
shara_anatolii Шара, Анатолій
sharij_anatolij Шарий, Анатолий
sheremetjev_dmitrij.mariupol Шереметьєв, Дмитро (Маріуполь)
shershen_baranjak_volodymyr Шершень Бараняк, Володимир
shevchenko_evgenij Шевченко, Евгений
shevchuk_vladislav Шевчук, Владислав
shilnikovskii_nikolai Шильниковский, Николай
shirochin_semen Широчин, Семен
shkola_isskustv_8_doneck Школа искусств №8 города Донецка
shmakov_valerii Шмаков, Валерий
shmal_mihail Шмаль, Михаил
shnip_olesja.bojarka Шніп, Олеся (Боярка)
shovkoshytnyj_rodion Шовкошитный, Родион
shportko_aleksej Шпортько, Алексей
shtefan_anatolij Штефан, Анатолий
shtefchuk_oles Штефчук, Олесь
shtogrіn_іrina Штогрін, Ірина
shubart_pavel Шубарт, Павел
shubenko_kateryna.mariupol Шубенко, Катерина (Маріуполь)
shulga_inna.mariupol Шульга, Інна (Маріуполь)
shumejko_pelageja Шумейко, Пелагея
shutaiev_dmytro Шутаєв, Дмитро
shvecova_alevtina.mariupol.zhurnalist Швецова, Алевтіна (журналіст, Маріуполь)
shynkarenko_vika Шинкаренко, Вікторія
shyrylo_natasha Ширило, Наташа
shyshchenko Шишченко, Катерина
sibircev_aleksandr Сибирцев, Александр
simonjan_margarita Симоньян, Маргарита
sinitsa_sergey Синица, Сергей
sirota_tatjana.kiev Сирота, Татьяна (Киев)
site.gromada Сайт Громада
sivak_aleksandr Сивак, Александр
skachko_stas Скачко, Стас
skarshevskij_viktor Скаршевский, Виктор
skobcov_vladimir.doneck Скобцов, Владимир
skoryk_volodymyr.harkiv Скорик, Володимир (Харків)
skubchenko_aleksandr Скубченко, Александр
skyba_jakubova_ivanna.harkiv Скиба-Якубова, Іванна (Харків)
skytalinska_oksana.kiev.volonter.dietolog Скиталінська, Оксана (Київ)
slavko_marionella.mariupol Marionella Slavko (Маріуполь)
slavnikova_olena.dnipro Славнікова, Олена (Дніпро)
slivko_jevgenija Слівко, Євгенія
smal_olga Смаль, Ольга
smetanskaja_olga Сметанская, Ольга
smirnov_vadim.odessa.rieltor Смирнов, Вадим (Одесса)
smolij_andrij Смолій, Андрій
sobichenko_konstantin Собиченко, Константин
sobolevskaja_marina.kiev Соболевская, Марина (Киев)
sokol_svetlana Сокол, Светлана
sokoljuk_anastasia Соколюк, Анастасія
sokolov_oleg Соколов, Олег
sokyrko_jevgen.mariupol Сокирко, Євген (Маріуполь)
solodovchuk_roman Солодовчук, Роман
solovjeva_tatjana.kiev Соловьева, Татьяна (Киев)
solovjov_mikita.harkov.demsokyra Соловйов, Микита (Харків)
soshnikov_andrej Сошников, Андрей
sosnovskij_evgenij.mariupol Сосновський, Євген (Маріуполь)
sotnik_katerina Сотник, Катерина
spesivceva_natalia.mariupol Спесівцева, Наталія (Маріуполь)
spicyn_evgenij Спицын, Евгений
spivak_dmitrij Спивак, Дмитрий
sport.lnr.turizm_lugasport_info Республиканский центр детско-юношеского туризма и краеведения (ЛНР)
stanislavskyj_ivan.mariupol.fotograf.zhurnalist Станіславський, Іван (фотограф, журналіст, Маріуполь)
starchenko_natalia.kiev.istorik Старченко, Наталя (Історик, Київ)
stavickij_nikolaj Ставицкий, Николай
stavnijchuk_marina Ставнийчук, Марина
steckov_jurij Стецков, Юрий
stepanov_farid Степанов, Фарид
sternenko_sergej Стерненко, Сергей
still_ugly.fotograf.mariupol Still Ugly (стріт-фотограф, Маріуполь)
stinberg_kateryna.mariupol Kateryna Stinberg (Маріуполь)
stojakin_vasilii Стоякин, Василий
stomina_oksana.mariupol Стоміна, Оксана (Маріуполь)
stomina_olena.mariupol Стоміна, Олена (Маріуполь)
storozhenko_denis Стороженко, Денис Сергеевич
storozhenko_kostjantyn.traveler.ukr Стороженко, Костянтин
storozhenko_nikolai Стороженко, Николай
storozhuk_mihail Сторожук, Михаил
stoun_oliver.kinorezhisser.usa Стоун, Оливер (Кинорежиссёр, США)
strig_oksana Стриг, Оксана
stukanov_sergij Стуканов, Сергій
stupin_alesha Ступин, Алеша
suetova_olena.kiev Суєтова, Олена (Київ)
suhorukova_nadia.mariupol Сухорукова, Надія (Маріуполь)
sushinskaja_elena.mariupol Сушинська, Олена (Маріуполь)
sushynska_olena.mariupol Сушинська, Олена (Маріуполь)
svetilkin_lanna Пикта, Светлана
svetlichnaja_anastasia.mariupol Світлична, Анастасія (Маріуполь)
svetlichnyj_alipij.kiev Светличный, Алипий (Киев)
svoi.city Свої.City - Онлайн-журнал для своїх. Люди зі сходу
sychov_igor Сичов, Ігор
syniepalov_ivan.mariupol Синєпалов, Іван (Маріуполь)
synjutka_oleg Сынютка, Олег
sytnik_julia.herson Ситник, Юлія (Херсон)
syzenko_serhiy.kiev Сизенко, Сергій (Київ)
taksjur_jan Таксюр, Ян
talanko_viktoria Таланко, Вікторія (Київ)
tamriko_sholi Тамріко Шолі
tanja_vladimirovna.mariupol Таня Владимировна (Мариуполь)
taran_viktor Таран, Виктор
taranenko_oleksandr Тараненко, Олександр
tarasenko_andrej Тарасенко, Андрей
tatusja_bo Татуся Бо
teatr_lavreneva_chernomor_flot_rf Драматический театр им. Б. Лавренёва Черноморского флота РФ
teatralnaja_ploschad_doneck_internet_klub «Театральная Площадь», Донецкий интернет-клуб
terehova_ekaterina Терехова, Екатерина
tereschenko_larisa Терещенко, Лариса
tereschuk_galina Терещук, Галина
ternavskaja_oksana.kiev Тернавская, Оксана (Киев)
teroborona_ua Територіальна оборона ЗС України
teroborona_ua.kiev.112.br 112 Бригада територіальної оборони міста Києва
testov_petro.kiev Тєстов, Петро (Київ)
tg.belyj_hozjain Белый Хозяин (Телеграм)
tg.edinaja_rusj Единая Русь (Телеграм)
tg.frontovye_zametki FRONTовые заметки (Телеграм)
tg.kotsnews Kotsnews (Телеграм)
tg.politika_strany Политика Страны (Телеграм)
tg.rossia_v_globalnoj_politike Россия в глобальной политике (Телеграм)
tg.tajny_talejrana Тайны Талейрана (Телеграм)
tg.ukrainskij_narod Український Народ (Телеграм)
tg.zapreschennaja_ukraina Запрещенная Украина (Телеграм)
titarenko_lubov Титаренко, Любовь
titarenko_olga.mariupol Титаренко, Ольга (Маріуполь)
titov_nikita Титов, Никита
tjagnibok_oleg Тягнибок, Олег
tkachenko_galak_tetjana.mariupol Ткаченко-Галак, Тетяна (Маріуполь)
tkachenko_natalia.bila_cerkva Ткаченко, Наталія (Біла Церква)
tkachenko_natalia.mariupol Ткаченко, Наталія (Маріуполь)
tkachev_andrej.protoierej Протоиерей Андрей Ткачев
tkachev_jurij Ткачев, Юрий
todurov_boris Тодуров, Борис
tokar_veronika Токар, Вероника
tokarev_alexei Токарев, Алексей
tokaryk_jana.dnipro Токарик, Яна (Дніпро)
tolkachev_aleksej Толкачев, Алексей
tomchuk_dmytro Томчук, Дмитро
tomilina_anastasia.mariupol Томіліна, Анастасія (Маріуполь)
topalo_nikolaj Топало, Николай
topolja_taras Тополя, Тарас
toporov_aleksej Топоров, Алексей
torkaenko_anna.doneck.mariupol.odessa Торкаєнко, Ганна (художниця, Донецьк, Маріуполь)
tovt_anastasia Товт, Анастасия
trach_julia.lviv Трач, Юлія (Львів)
travkina_katerina Травкина, Катерина
tregub_oleksandr.kiev Трегуб, Олександр (Київ)
tregubov_viktor Трегубов, Виктор
trofimov_sergii Трофимов, Сергій
trudova_slava Трудова Слава
truhachev_vadim Трухачев, Вадим
trylis_volodymyr Триліс, Володимир (Київ)
trymbach_sergij Тримбач, Сергій
tsargrad Царьград
tsarjova_anna.kyiv Царьова, Анна (Київ)
tsobenko_olga.odessa Цобенко, Ольга (Одеса)
tukmakov_denis.rossia.filosof Тукмаков, Денис (Россия, Философ)
tulyev_max Тулиев, Максим
turchak_svitlana Турчак, Світлана
turchik_igor.kiev Турчик, Игорь (Киев)
turizm_dnr Туризм ДНР
tverda_olesja.volonter.likar.dnipro Тверда, Олеся (Дніпро)
tverdohlebova_galina.kiev Твердохлебова, Галина (Киев)
tverdohlib_vjacheslav.zhurnalist.mariupol Твердохліб, В'ячеслав (журналіст, Маріуполь)
tyhyy_anatolii Тихий, Анатолій
tymchenko_mykola.kyiv.fotograf Тимченко, Микола
tymchuk_vladimir Тымчук, Владимир
ua.armia.17otbr 17-та окрема танкова Криворізька бригада імені Костянтина Пестушка
ua.armia.ngu_east Східне оперативно-територіальне об'єднання Національної гвардії України
ua.armia.tropivden Регіональне управління Сил територіальної оборони "Південь"
ua.edu.snu СНУ ім. В. Даля
ua.minoborony Міністерство оборони України
ua.policia.mariupol Патрульна Поліція Донецької області
ua.tv.11kanal.dnipro 11 канал (Дніпро)
ua_school_groningen Українська школа.Гронiнген - Oekraïense School.Groningen
udovik_sergej.kiev Удовик, Сергей (Киев)
ugrjumova_viktoria.kiev.pisatel Угрюмова, Виктория (Писатель, Киев)
uhman_mihail Ухман, Михаил
ukr.min_kultury_inf_politiki Міністерство культури та інформаційної політики України
ukr.nauchnaja_shkola_bazis Науково-дослідницька школа Базис
ukraina_incognita Україна Інкогніта
ukrainceva_olena.mariupol.hudozhnik Українцева, Олена (художниця, Маріуполь)
ukrainci_25 Українці 25 (ФБ группа)
ukrainec_ostap Украинец, Остап
ukrainian_people_magazine Ukrainian People Magazine
ukrainska_dija Українська Дія
ukrainskoju_movoju_bud_laska Українською Мовою Будь Ласка
ukrcentrmos Національний культурний центр України у м. Москві
ukrop_novyny_ukraina Укроп - Новини Україна - Новости Украина - Война
uli_natalia Ули, Наталия
uljanov_anatolij Ульянов, Анатолий
usanin_aleksandr.moskva.pisatel Усанин, Александр (Писатель, Москва)
usanova_olga Усанова, Ольга
usikov_andrij Усіков, Андрій
vadzhra_andrej Ваджра, Андрей
vakarov_vasyl Вакаров, Василь
vakulenko_jurij Вакуленко, Юрий
vakulenko_tatjana.kiev Вакуленко, Татьяна (Киев)
valerii_ua_bondarchuk Valerii UA Bondarchuk
valetov_jan.dnepropetrovsk Валетов, Ян (Днепропетровск)
valianos_anton Valianos, Anton
valman_anna Вальман, Анна
varava_leonidova_larysa Варава-Леонідова, Лариса
varnov_mihail Варнов, Михаил
vasilec_dmitrij Василец, Дмитрий
vasiljev_maksim Васильев, Максим
vasiljev_sergej.moskva Васильев, Сергей (Москва)
vasiljev_vasilij.dnepropetrovsk Васильев, Василий (Днепропетровск)
vasiljeva_olga.redaktor Васильева, Ольга (Редактор)
vasiljeva_sofia.kiev Васильева, София (Киев)
vdovenko_maksim.odesa Вдовенко, Максим (Одеса)
vdovichenko_andrej Вдовиченко, Андрей
veksler_sergej.vostochnyj_ierusalim Векслер, Сергей (Восточный Иерусалим)
venge_aleksandr.kiev Венге, Александр (Киев)
venk_victoria Венк, Виктория
vernijevska_olena.mariupol Вернієвська, Олена (Маріуполь)
viktoria_oleksandrivna.mariupol Вікторія Олександрівна (Маріуполь)
violin_alexander Violin, Alexander
vishtaljuk_jaroslav Вишталюк, Ярослав
vitko_jaroslava Витко, Ярослава
vitko_olena.mariupol Вітько, Олена (Маріуполь)
vitov_dmytro Вітов, Дмитро
vjatrovich_vladimir Вятрович, Владимир
vjatrovich_volodymyr В'ятрович, Володимир
vladimirov_german Владимиров, Герман
vlasjuk_anatolij.ua.zhurnalist.writer Власюк, Анатолій (журналіст, письменник)
vlasova_lesja Власова, Леся
volert_jaroslav Волерт, Ярослав
volga_vasilii Волга, Василий Александрович
voljanskij_andrij.harkiv Волянський, Андрій (Харків)
volkov_pavel Волков, Павел
volkov_vladimir Волков, Владимир
volkov_vladimir.zaporozhie Волков, Владимир (Запорожье)
voloshin_oleg.opzzh Волошин, Олег
voloshyn_andrij.mariupol Волошин, Андрій (Маріуполь)
voloshyna_larysa Волошина, Лариса
voron_svjatoslav Ворон, Святослав
voronin_dmitrij Воронин, Дмитрий
vorotilova_oleksandra.mariupol Воротілова, Олександра (Маріуполь)
vostochniy_variant Восточный Вариант / Східний Варіант
vselennaja_mudrosti Вселенная Мудрости
vsu.obmp.503 503 Окремий батальйон морської піхоти
vybornova_natalia.dnipro.mariupol Виборнова, Наталя (Дніпро, Маріуполь)
vyshedska_masha.bahmut.hudozhnyk.illjustrator Вишедська, Маша (художниця-ілюстраторка, Бахмут)
wishnevskaja_helen.mariupol Вишневська, Олена (Маріуполь)
yz.11_eku 11 Экю (Яндекс Зен)
yz.boec_nevidimogo_fronta Боец Невидимого фронта (Яндекс Дзен)
yz.bolshe_znaesh_menshe_spish Больше Знаешь, Меньше Спишь (Яндекс Zen)
yz.chelovek_i_mir Человек и Мир (Яндекс Зен)
yz.chemodan_mendeleeva Чемодан Менделеева (Яндекс Зен)
yz.djadjka_chernomor Дядька Черномор (Яндекс Дзен)
yz.dosuzhnik Досужник (Яндекс Дзен)
yz.durak Дурак (Яндекс Zen)
yz.figuristochka Фигуристочка (Яндекс Дзен)
yz.figurka_ot_maksima_jagudina Фигурка от Максима Ягудина (Яндекс Дзен)
yz.hochu_skazat Хочу сказать! (Яндекс Дзен)
yz.iren_adler Iren Adler (Яндекс Дзен)
yz.istoria_rossii История России (Яндекс Зен)
yz.istoricheskie_naperstki Исторические напёрстки (Яндекс Дзен)
yz.italomania_i_gastromania Италомания и Гастромания (Яндекс Дзен)
yz.ja_kladoiskatel Я Кладоискатель (Яндекс Zen)
yz.jazykovedjma Языковедьма (Яндекс Дзен)
yz.ljubimoje_figurnoje_katanie Любимое Фигурное Катание (Яндекс Дзен)
yz.maj_dnr МАЙ ДНР (Яндекс Дзен)
yz.mir_istorii Мир Истории
yz.nealternativnaja_istoria Неальтернативная история (Яндекс Дзен)
yz.netrivialnaja_istoria Нетривиальная История (Яндекс Зен)
yz.posad Посад (Яндекс Зен)
yz.pozin_aleksandr Позин, Александр (Яндекс Дзен)
yz.pozitiv_krasok_daria_orlova Позитив Красок, Дарья Орлова (Яндекс Зен)
yz.putj_i_tekst Путь и Текст (Яндекс Зен)
yz.rusichi Русичи (Яндекс Zen)
yz.russia_beyond Russia Beyond
yz.soullaway_soullaway soullaway soullaway (Яндекс Дзен)
yz.tut_vam_ne_tam тут вам не там (Yandex Zеn)
yz.ukraina_segodnja Украина Сегодня
yz.unikalnaja_rossia Уникальная Россия (Яндекс Дзен)
yz.uvidel_i_zacepilo Увидел и Зацепило (Яндекс Зен)
yz.valerongrach Блог Valerongrach-а (Yandex Zen)
yz.vestnik Вестник (Yandex Zеn)
yz.vestnik_istorii Вестник Истории (Yandex Zеn)
yz.volar Волар (Яндекс Дзен)
yz.zapiski_komivojadzhera Записки КОМИвояжёра (Яндекс Дзен)
zabolotnij_anatolij.mariupol Заболотній, Анатолій (Маріуполь)
zaborin_dmitrij Заборин, Дмитрий
zabuzhko_oksana Забужко, Оксана
zadorozhnaja_natalia Задорожная, Наталия
zagrebelna_iryna.kyiv Загребельна, Ірина (Київ)
zagrebelnyj_igor Загребельный, Игорь
zagrebelskaja_agia.ahundova Загребельская, Агия (Ахундова)
zaharchenko_iryna Захарченко, Ирина
zaharevych_ivanka Zakharevych, Ivanka
zaharova_maria.mid_rf Захарова, Мария (Россия)
zajcev_roman_vladimirovich Зайцев, Роман Владимирович
zaldastanov_aleksandr_hirurg Залдастанов, Александр Хирург
zarubin_eduard.mariupol Зарубін, Едуард (Маріуполь)
zaslavec_iryna.kiev Заславець, Ірина (Київ)
zavgorovnij_vladimir Завгородний, Владимир
zavrazhnov_ivan.mariupol Завражнов, Іван (Маріуполь)
zenin_sergei Зенин, Сергей
zharkih_denis Жарких, Денис
zharkih_gordej Жарких, Гордей
zharkih_jurii Жарких, Юрий
zharkih_katerina Жарких, Катерина
zhitenjova_vika Житенева, Вика
zhitko_sergej Житко, Сергей
zhupanenko_viktor Жупаненко, Виктор
zhuravko_aleksej Журавко, Алексей
zhuravljov_andrej.kiev Журавлев, Андрей (Киев)
zhuravskaja_angelina Журавская, Ангелина
zibrov_pavel.pevec.ukraina Зибров, Павел (Певец, Украина)
zimina_olesja Зимина, Олеся
zinevich_tetjana.herson Зіневич, Тетяна (Херсон)
zinkovska_iryna.mykolaiv Зінковська, Ірина
zinovjeva_katerina Зиновьева, Катерина
zisser_nina.mariupol Nina Zisser (Маріуполь)
zodd_zverev Zodd Zverev
zolotarjova_olena.mariupol Золотарьова, Олена (Маріуполь)
zolotjko_jaroslava.kiev.zhurnalist Золотько, Ярослава (Киев)
zolotushkin_anatolij.hajfa Золотушкин, Анатолий (Хайфа)
zotov_georgij Зотов, Георгий
zubarev_dmitrii Зубарев, Дмитрий
zubchenko_nadia.kyiv Зубченко, Надія (Київ)
zubenko_oleksij Зубенко, Олексій
zvirobii_marusja Звіробій, Маруся
zyden_igor Зыден, Игорь
