AntinMukharskyi muharskij_antin
AntinMykharskyi muharskij_antin
CholiiBohdanB cholij_bogdan
DmytroShutaiev shutaiev_dmytro
ERibchinskiy ribchinskij_evgenij
ElenaLukash.ua lukash_elena
GreenGreyOfficial green_grey.gruppa.ukr
IPFNPU ipf_npu
ProsvitaInstitute institut_prosvity
ScottPolarDiary 
SpivakDmytriy spivak_dmitrij
Vasiliy.volga volga_vasilii
aganyan.alexander aganjan_aleksandr.sevastopol
akontorovic kontorovich_aleksandr
aleksandr.scherbakov.39 scherbakov_aleksandr
alexelsevier nikonov_sergej
alexey.arestovich arestovich_alexei
alexey.shportko shportko_aleksej
alexeygoncharenko goncharenko_aleksej
anatolijsharij sharij_anatolij
andre.lom.7106 andre_lom
andriy.kovalyov.5 kovaljov_andrej
andriy.saychuk sajchuk_andrej
anfrankleen shara_anatolii
anna.bordovski bordovskaja_anna
anna.krivda.7 krivda_anna
antonina.bieloglazova bieloglazova_antonina
arsen.avakov.1 avakov_arsen
beata.kurkul kurkul_beata
borkhers hersonskij_boris
borys.todurov todurov_boris
burdaniy.anatoliy burdaniy_anatoliy
chistopoltsev chistopolcev_oleg
diezel.greengrey jacenko_andrej.diezel.gringrey.ukr
diveyeff divejev_cerkovnyj_aleksej
dlineyskas poguljaev_andrej
dyastrub jarosh_dmitrij
eduard.dolinsky dolinskij_eduard
elizabeth.bielska bielskaja_elizaveta
evgen.dykyj dykyj_evgen
filinuk.o.v filinjuk_oleg_vladimirovich
folvit foljushnjak_vitalii
ganna.maliar maljar_ganna
ganna69 olijnyk_ganna
george.zotov.5 zotov_georgij
helga.topolska helga_v_topolska
holmogorov.egor holmogorov_egor
infomova mova_na_chasi
ivan.semesyuk semesjuk_ivan
juriy.livanov livanov_jurij
kate.zharkih.5 zharkih_katerina
khaperska haperskaja_marina
korchynskaoksana korchynska_oksana
korchynskyi korchynskyi_dmytro
kravabagua kravchuk_aleksandr
kryukova krjukova_svetlana
kuxaruk kuharuk_roman
kviatkovskyi.viktor kviatkovskyi_viktor
larysa.nitsoi nitsoi_larysa
lyudmila.shamray shamraj_ljudmila
m.pavliv pavliv_mihail
maksym.oleynikov.7 olejnikov_maksim
margo.weis.1 margo_weis
marina.minston.3 minston_marina
marusyazvirobiy1 zvirobii_marusja
maslovevgeniy14 maslov_evgenij
mike.varnov varnov_mihail
miriam.dragina dragina_miriam
miroslava.berdnik.1 berdnik_miroslava
mischenko.s.m mischenko_sergej
mnk.org.ua mnk_org_ua
muroslavamix miroslava_iltjo
mykolakn knjazhickij_nikolaj
myroslavhai gaj_miroslav
natly.geyman gejman_natalia
nitsoi.larysa nicoj_larisa
okl.if.ua ivano_frankivska_oblastna_klinichna_likarnja
oksana.zabuzhko zabuzhko_oksana
oleg.helgiv helgiv_oleg
oleg.karamazov karamazov_oleg
oleg.sentsov sentsov_oleg
oleksandr.palii palii_oleksandr
oleksandr.piddubnyy piddubnyj_aleksandr
olena.romanova.39 romanova_olena
olesia.medvedieva medvedeva_olesja
olympicua olympic_ua
pavlozibrov57 zibrov_pavel.pevec.ukraina
permalink.php smolij_andrij
philip.illienko iljenko_filipp
photo bilchenko_evgenia
radko.mokryk mokryk_radko
roman.antonovskiy antonovskij_roman
roman.kushnaryov kushnarjev_roman
roman.solodovchuk.3939 solodovchuk_roman
samovyd burjak_valerij
savluchenko savluchenko_dmitrij.herson.ukraina
schwarzer.friedrich galickij_sergej
sergey.ozhegov.775 ozhegov_sergej_775
sergii.rabchynskyi rabchinskij_sergej
sergio.don.14 savin_sergej
sergiysinitsa sinitsa_sergey
serhiibryhar bryhar_sergej
spollloh bevz_sergii
stanislav.horuna.3 goruna_stanislav
sternenko sternenko_sergej
svetilkin.lanna svetilkin_lanna
svyatoslav.litynskyy litinskij_svjatoslav
taksyur taksjur_jan
taras.deiak.1 dejak_taras
tukmakov tukmakov_denis.rossia.filosof
ukrcentrmos ukrcentrmos
ukrdnk ukrainska_dija
vadim.bandourin bandourin_vadim
valentina.fedorchenko.3 pekarskaja_valentina
vaniayakimov jakimov_vanja
veprwork guzhva_igor
vika.shynkarenko shynkarenko_vika
vitaliy.lazorkin lazorkin_vitalij
vladyslavloza loza_vladislav
volodymyr.tymchuk.1 tymchuk_vladimir
volodymyr.viatrovych vjatrovich_vladimir
vsevolod.chebodaiev chebodajev_vsevolod
xunmeya hvylja_oksana
yevzhik bilchenko_evgenia
yuri.biriukov birjukov_jurij
yuriy.zharkikh zharkih_jurii
zakharevych zaharevych_ivanka
zhitenevaviktoriya zhitenjova_vika
